[{"model": "home.batches", "pk": 1, "fields": {"name": "MBBS BATCH 2015", "css": "", "jq": ""}}, {"model": "home.batches", "pk": 2, "fields": {"name": "MBBS BATCH 2016", "css": "", "jq": ""}}, {"model": "home.batches", "pk": 3, "fields": {"name": "MBBS BATCH 2017", "css": "", "jq": ""}}, {"model": "home.batches", "pk": 4, "fields": {"name": "MBBS BATCH 2018", "css": "", "jq": ""}}, {"model": "home.batches", "pk": 5, "fields": {"name": "MBBS BATCH 2014", "css": "", "jq": ""}}, {"model": "home.batches", "pk": 6, "fields": {"name": "MBBS BATCH 2013", "css": "", "jq": ""}}, {"model": "home.carousel", "pk": 1, "fields": {"image": "images/2019/05/$D/img3_GNB4AyB.png"}}, {"model": "home.carousel", "pk": 2, "fields": {"image": "images/2019/05/$D/img4_LuO7yZv.png"}}, {"model": "body.student", "pk": 1, "fields": {"designation": "The President", "name": "Mr. Shubham Ahuja", "batch": 1, "phone": 0, "email": "ahuja@gmail.com", "image": "body/images/2019/05/$D/shubhamAhuja_AmKO09Q.jpg"}}, {"model": "clubs.clubs", "pk": 1, "fields": {"heading": "Sports", "image": "clubs/images/2019/05/$D/cover_image_VinLYuM.jpg", "text": ""}}, {"model": "clubs.clubs", "pk": 2, "fields": {"heading": "Fine Arts", "image": "clubs/images/2019/05/$D/finearts_ABUtLO6.jpg", "text": ""}}, {"model": "clubs.clubs", "pk": 3, "fields": {"heading": "Literary", "image": "clubs/images/2019/05/$D/book-67049_640-e1357101006966-623x341_WeLUBzN.jpg", "text": ""}}, {"model": "clubs.categories", "pk": 1, "fields": {"post": 1, "heading": "Cricket", "img": "clubs/images/2019/05/$D/cricket_6sAFjLg_tVYHnS2.jpg"}}, {"model": "clubs.categories", "pk": 2, "fields": {"post": 1, "heading": "Football", "img": "clubs/images/2019/05/$D/football_iTKbElI_ot5AY9k.jpeg"}}, {"model": "clubs.categories", "pk": 3, "fields": {"post": 1, "heading": "Tennis", "img": "clubs/images/2019/05/$D/tennis_h0S3YOy_MSGYS3P.jpg"}}, {"model": "clubs.categories", "pk": 4, "fields": {"post": 1, "heading": "Badminton", "img": "clubs/images/2019/05/$D/badminton_KTVyNTS.jpg"}}, {"model": "clubs.categories", "pk": 5, "fields": {"post": 1, "heading": "Indoor games", "img": ""}}, {"model": "clubs.categories", "pk": 6, "fields": {"post": null, "heading": "Basketball", "img": "clubs/images/2019/05/$D/basketball_M3j6as5.jpg"}}, {"model": "accounts.user", "pk": 1, "fields": {"password": "pbkdf2_sha256$150000$rcIyXOrZrhVd$6p6TCaHz0tlTIKLyuPXADvTM0/FHAH11h48oxDV/ksc=", "last_login": "2019-06-30T20:36:58.216Z", "batch": 1, "email": "suryaveda@hotmail.com", "username": "suryaveda", "outsider": false, "student": true, "cr": true, "is_active": true, "staff": true, "admin": true}}, {"model": "accounts.user", "pk": 2, "fields": {"password": "pbkdf2_sha256$150000$t8hyJWd1l6L0$CN3SVvYGZIRg6xWduDhLpWykt3j8PRiNIs5ldy+v6yc=", "last_login": "2019-05-30T18:15:09.403Z", "batch": 2, "email": "sk@gmail.com", "username": "sk", "outsider": false, "student": true, "cr": false, "is_active": true, "staff": false, "admin": false}}, {"model": "accounts.user", "pk": 3, "fields": {"password": "pbkdf2_sha256$150000$YTDdPyziXshS$Og35s4z8qYXzS1Fek6OLTtHwIbDBY8CEF247arhB8n8=", "last_login": "2019-05-29T05:59:13.465Z", "batch": 1, "email": "sarvdharamshubham@gmail.com", "username": "Shubham Ahuja", "outsider": false, "student": true, "cr": true, "is_active": true, "staff": true, "admin": false}}, {"model": "accounts.user", "pk": 4, "fields": {"password": "pbkdf2_sha256$150000$IXFf52lvlhUt$1v3yGu8aU+aXS0LgvZWm7eGks8PMbbdVo7AjmHzBODI=", "last_login": "2019-05-29T06:02:16.001Z", "batch": 2, "email": "vinodkumar240399@gmail.com", "username": "Vinod kumar", "outsider": false, "student": true, "cr": true, "is_active": true, "staff": false, "admin": false}}, {"model": "accounts.user", "pk": 5, "fields": {"password": "pbkdf2_sha256$150000$RiKGeNCpVoJ7$oeTjdVvM261VaVWev8+IcGizDxsSklHWXBd0k4YfYnE=", "last_login": "2019-05-29T06:06:46.192Z", "batch": 3, "email": "gallelajuniorprasad@gmail.com", "username": "Junior Prasad", "outsider": false, "student": true, "cr": true, "is_active": true, "staff": false, "admin": false}}, {"model": "accounts.user", "pk": 6, "fields": {"password": "pbkdf2_sha256$150000$icwSPgbaLrbb$qvOfC+DuO09HVeMYrFAVHzvfW1goLxVr4Zz6bUFoJL0=", "last_login": null, "batch": 3, "email": "prajapatdev1996@gmail.com", "username": "Dev prajapat", "outsider": false, "student": true, "cr": true, "is_active": true, "staff": false, "admin": false}}, {"model": "accounts.user", "pk": 7, "fields": {"password": "pbkdf2_sha256$150000$AeMBgZ5dGKcf$dDWv6btjC+riQ8spvCphTvWXbLtKXSJQhdY4OXCljfA=", "last_login": "2019-05-29T06:23:19.138Z", "batch": 2, "email": "vishesh.gupta65@gmail.com", "username": "v1s@gt", "outsider": false, "student": true, "cr": true, "is_active": true, "staff": false, "admin": false}}, {"model": "accounts.user", "pk": 8, "fields": {"password": "pbkdf2_sha256$150000$6aKvkFMSCGny$w8hAVJLPHRhyUEFQerAT8qOdUvI3DBTTyEkI4BkpBIo=", "last_login": "2019-05-29T09:30:54.191Z", "batch": 2, "email": "nitishkb1772@gmail.com", "username": "Nitish kumar", "outsider": false, "student": true, "cr": true, "is_active": true, "staff": false, "admin": false}}, {"model": "accounts.user", "pk": 9, "fields": {"password": "pbkdf2_sha256$150000$oS6u4gbNoUIZ$Wa7QIOL1iva2W/+53DKw5L1kHS6ZNRl0uSlZbJ2ufDU=", "last_login": "2019-05-29T12:13:46.389Z", "batch": 3, "email": "chetnaameriya19@gmail.com", "username": "The dreamer", "outsider": false, "student": true, "cr": true, "is_active": true, "staff": false, "admin": false}}, {"model": "accounts.profile", "pk": 1, "fields": {"user": 1, "backgroundImage": "", "profilePic": "", "name": "suryaveda", "dob": null, "hobbies": null, "about": null, "quotes": null, "links": null, "phone": null, "email": "suryaveda@hotmail.com"}}, {"model": "accounts.profile", "pk": 2, "fields": {"user": 2, "backgroundImage": "", "profilePic": "", "name": "sk", "dob": null, "hobbies": null, "about": null, "quotes": null, "links": null, "phone": null, "email": "sk@gmail.com"}}, {"model": "accounts.profile", "pk": 3, "fields": {"user": null, "backgroundImage": "", "profilePic": "", "name": "Shubham Ahuja", "dob": null, "hobbies": null, "about": null, "quotes": null, "links": null, "phone": null, "email": "sarvdharamshubham@gmail.com"}}, {"model": "accounts.profile", "pk": 4, "fields": {"user": null, "backgroundImage": "", "profilePic": "", "name": "Vinod kumar", "dob": null, "hobbies": null, "about": null, "quotes": null, "links": null, "phone": null, "email": "vinodkumar240399@gmail.com"}}, {"model": "accounts.profile", "pk": 5, "fields": {"user": null, "backgroundImage": "", "profilePic": "", "name": "Junior Prasad", "dob": null, "hobbies": null, "about": null, "quotes": null, "links": null, "phone": null, "email": "gallelajuniorprasad@gmail.com"}}, {"model": "accounts.profile", "pk": 6, "fields": {"user": null, "backgroundImage": "", "profilePic": "", "name": "Dev prajapat", "dob": null, "hobbies": null, "about": null, "quotes": null, "links": null, "phone": null, "email": "prajapatdev1996@gmail.com"}}, {"model": "accounts.profile", "pk": 7, "fields": {"user": null, "backgroundImage": "", "profilePic": "", "name": "v1s@gt", "dob": null, "hobbies": null, "about": null, "quotes": null, "links": null, "phone": null, "email": "vishesh.gupta65@gmail.com"}}, {"model": "accounts.profile", "pk": 8, "fields": {"user": null, "backgroundImage": "", "profilePic": "", "name": "Nitish kumar", "dob": null, "hobbies": null, "about": null, "quotes": null, "links": null, "phone": null, "email": "nitishkb1772@gmail.com"}}, {"model": "accounts.profile", "pk": 9, "fields": {"user": null, "backgroundImage": "", "profilePic": "", "name": "The dreamer", "dob": null, "hobbies": null, "about": null, "quotes": null, "links": null, "phone": null, "email": "chetnaameriya19@gmail.com"}}, {"model": "accounts.timetable", "pk": 1, "fields": {"user": 1, "fromDate": "2019-05-26", "toDate": "2019-06-07", "heading": "study"}}, {"model": "accounts.activites", "pk": 1, "fields": {"user": 1, "table": 1, "date": "2019-05-26", "heading": "Neurology", "text": "Approach to Stroke patient."}}, {"model": "accounts.activites", "pk": 2, "fields": {"user": 1, "table": 1, "date": "2019-05-31", "heading": "nephrology", "text": "read it."}}, {"model": "accounts.activites", "pk": 3, "fields": {"user": 1, "table": 1, "date": "2019-06-01", "heading": "Cardiovascular system first aid", "text": "from step 1 first aid."}}, {"model": "mcq.topic", "pk": 1, "fields": {"user": 1, "subject": 12, "heading": "Neurology"}}, {"model": "mcq.topic", "pk": 2, "fields": {"user": 1, "subject": 12, "heading": "GI"}}, {"model": "mcq.flashcard", "pk": 1, "fields": {"subject": 12, "topic": 1, "question": "Ddx of syncope?", "answer": "Hypoglycemia, Siezures, Stroke, Orthostatic Hypotension, hypoxemia", "q_image": "", "a_image": ""}}, {"model": "mcq.flashcard", "pk": 2, "fields": {"subject": 12, "topic": 2, "question": "FAST?", "answer": "image", "q_image": "", "a_image": "mcqs/images/2019/05/$D/FAST.jpg"}}, {"model": "mcq.flashcard", "pk": 3, "fields": {"subject": 12, "topic": 1, "question": "EEG Patterns in Syncope?", "answer": "1)Typical Slow-flat-slow wave pattern, 2) slow wave pattern", "q_image": "", "a_image": ""}}, {"model": "mcq.flashcard", "pk": 4, "fields": {"subject": 12, "topic": 1, "question": "Brown-Sequard syndrome?", "answer": "Lateral Hemisection of spinal cord.", "q_image": "", "a_image": "mcqs/images/2019/05/$D/brown.png"}}, {"model": "mcq.flashcard", "pk": 5, "fields": {"subject": 12, "topic": 1, "question": "Lhermittes sign?", "answer": "On flexion of neck there is electric shock like sensation that radiates to back and neck. Seen in MS, Cervical Spondylosis, neck Irrad.", "q_image": "", "a_image": ""}}, {"model": "mcq.flashcard", "pk": 6, "fields": {"subject": 12, "topic": 1, "question": "Orthostatic Hypotension?", "answer": "reduction in SBP by 20mm or DBP by 10mm within 3 min of standing or head tilt in tilt table.", "q_image": "", "a_image": ""}}, {"model": "mcq.flashcard", "pk": 7, "fields": {"subject": 12, "topic": 2, "question": "Plummer-Vinson syndrome?", "answer": "Risk factor for SCC of UGI, common in middle aged women", "q_image": "", "a_image": "mcqs/images/2019/05/$D/pvs.jpg"}}, {"model": "mcq.flashcard", "pk": 8, "fields": {"subject": 12, "topic": 2, "question": "Achalasia", "answer": "Malignancy can mimic achalasia, so do endoscopy to rule out obstruction. Achalasia results from degeneration of neurons in Aurbachs plexus.", "q_image": "", "a_image": "mcqs/images/2019/05/$D/Screen_Shot_2019-05-27_at_6.18.54_PM.png"}}, {"model": "mcq.flashcard", "pk": 9, "fields": {"subject": 12, "topic": 2, "question": "Zenker Diverticulum?", "answer": "Cervical outpouching of oesoophagus through cricopharyngeous muscle.", "q_image": "", "a_image": ""}}, {"model": "mcq.flashcard", "pk": 10, "fields": {"subject": 12, "topic": 2, "question": "Triple therapy?", "answer": "img", "q_image": "", "a_image": "mcqs/images/2019/05/$D/triple_therapy.jpg"}}, {"model": "mcq.flashcard", "pk": 11, "fields": {"subject": 12, "topic": 2, "question": "Boerhaeve syndrome?", "answer": "transmural esophageal tear + Mediastinitis.", "q_image": "", "a_image": ""}}, {"model": "mcq.flashcard", "pk": 12, "fields": {"subject": 12, "topic": 2, "question": "Mallory weiss tear?", "answer": "Superficial tear in acute alcohol intoxication.", "q_image": "", "a_image": ""}}, {"model": "mcq.flashcard", "pk": 13, "fields": {"subject": 12, "topic": 2, "question": "A 53-year-old woman with a history of carcinoid tumor of the appendix (status post resection) presents to a local clinic with symmetric, dry, hyperpigmented skin lesions and persistent diarrhea. Her husband expresses concern that the patient does not seem to be herself anymore; he reports that she has been irritable, confused, and forgetful. What is the most likely diagnosis?", "answer": "Pellagra, a deficiency of vitamin B3 (niacin), 2\u00b0 to a recurrent carcinoid tumor. Carcinoid tumors produce serotonin, which is a derivative of tryptophan. However, tryptophan is also the precursor of niacin. In patients with carcinoid tumors, the tumor can be so active that most tryptophan is used for serotonin production, resulting in niacin deficiency.", "q_image": "", "a_image": ""}}, {"model": "mcq.flashcard", "pk": 14, "fields": {"subject": 12, "topic": 2, "question": "x-ray small bowel obstruction?", "answer": "Abdominal films demonstrate a stepladder pattern of dilated small-bowel loops, air-fluid levels and a paucity of gas in the colon.", "q_image": "", "a_image": "mcqs/images/2019/05/$D/Screen_Shot_2019-05-31_at_10.22.31_PM.png"}}, {"model": "mcq.flashcard", "pk": 15, "fields": {"subject": 12, "topic": 2, "question": "Treatment of mesenteric ischemia?", "answer": "image:", "q_image": "", "a_image": "mcqs/images/2019/05/$D/Screen_Shot_2019-05-31_at_10.53.53_PM.png"}}, {"model": "mcq.flashcard", "pk": 16, "fields": {"subject": 12, "topic": 2, "question": "Acute vs Chronic pancreatitis.", "answer": "image:", "q_image": "", "a_image": "mcqs/images/2019/06/$D/Screen_Shot_2019-06-01_at_12.17.18_AM.png"}}, {"model": "mcq.flashcard", "pk": 17, "fields": {"subject": 12, "topic": 2, "question": "Ranson Criteria?", "answer": "to predict mortality secondary to acute pancreatitis.", "q_image": "", "a_image": "mcqs/images/2019/06/$D/Screen_Shot_2019-06-01_at_12.16.43_AM.png"}}, {"model": "mcq.flashcard", "pk": 18, "fields": {"subject": 12, "topic": 2, "question": "Tt of Wilsons disease?", "answer": "Dietary copper restriction (avoid shellfish, liver, legumes), penicil\u00ad lamine (a copper chelator that 1' urinary copper excretion), and zinc (1' fecal excretion).", "q_image": "", "a_image": ""}}, {"model": "mcq.flashcard", "pk": 19, "fields": {"subject": 12, "topic": 2, "question": "Wilson disease?", "answer": "Autosomal recessive, KF rings in descment membrane of cornea, presents before 30yrs of age, 50% are symptomatic by age 15.   Patient presents with hepatitis, neurological dysfunction(tremor), psychiatric abnormalities(anxiety, depression).", "q_image": "", "a_image": ""}}, {"model": "mcq.flashcard", "pk": 20, "fields": {"subject": 12, "topic": 2, "question": "Primary biliary cirrhosis?", "answer": "An autoimmune disorder characterized by destruction of intrahepatic bile ducts. Most commonly presents in middle-aged women with other autoimmune conditions.", "q_image": "", "a_image": ""}}, {"model": "mcq.flashcard", "pk": 21, "fields": {"subject": 12, "topic": 2, "question": "complications of cirrhosis?", "answer": "image:", "q_image": "", "a_image": "mcqs/images/2019/06/$D/Screen_Shot_2019-05-31_at_11.58.50_PM.png"}}, {"model": "mcq.flashcard", "pk": 22, "fields": {"subject": 12, "topic": 2, "question": "Etiology of cirrhosis by SAAG?", "answer": "image:", "q_image": "", "a_image": "mcqs/images/2019/06/$D/Screen_Shot_2019-05-31_at_11.53.23_PM.png"}}, {"model": "mcq.flashcard", "pk": 23, "fields": {"subject": 12, "topic": 2, "question": "Portosystemic Anastomosis?", "answer": "image:", "q_image": "", "a_image": "mcqs/images/2019/06/$D/Screen_Shot_2019-05-31_at_11.50.35_PM.png"}}, {"model": "mcq.flashcard", "pk": 24, "fields": {"subject": 12, "topic": 2, "question": "Treatment of Chronic Hep B?", "answer": "Chronic HBV infection: Interferon and lamivudine (3TC) or adefovir.", "q_image": "", "a_image": ""}}, {"model": "mcq.flashcard", "pk": 25, "fields": {"subject": 12, "topic": 2, "question": "A 2 1 -year-old male college student in the midst of final exams presents to a local clinic with \"yellow eyes:' His physical examination is unremarkable except for scleral icterus, and a CBC and blood smear show no abnormalities. A comprehensive metabolic profile reveals a normal AST and ALT but elevated unconjugated bilirubin. What is the most likely diagnosis?", "answer": "Gilbert's syndrome is an autosomal recessive disorder of bilirubin glucuronidation due to J- activity of the enzyme glucuronyl transferase. Patients present with unconjugated hyperbilirubinemia but have a normal CBC, blood smear, and LFTs. The condition is benign, and no treatment is indicated.", "q_image": "", "a_image": ""}}, {"model": "mcq.flashcard", "pk": 26, "fields": {"subject": 12, "topic": 2, "question": "Approach to cholestasis", "answer": "img:", "q_image": "", "a_image": "mcqs/images/2019/06/$D/Screen_Shot_2019-05-31_at_11.43.09_PM.png"}}, {"model": "mcq.flashcard", "pk": 27, "fields": {"subject": 12, "topic": 2, "question": "Primary Sclerosing Cholangitis?", "answer": "An idiopathic disorder characterized by progressive inflammation and fibrosis accompanied by strictures of extra- and intrahepatic bile ducts. The disease usually presents in young males with ulcerative colitis. Patients are at I risk for cholangiocarcinoma.  Liver biopsy reveals pericluctal sclerosis (\"onion skinning\").", "q_image": "", "a_image": ""}}, {"model": "mcq.flashcard", "pk": 28, "fields": {"subject": 12, "topic": 2, "question": "Gall stone ileus?", "answer": "A mechanical obstruction resulting from the passage ofa large (> 2.5-cm) stone into the bowel through a cholecystoduoclenal fistula. Obstruction is often at the ileocecal valve.  AXR with characteristics of SBO and pneumobilia (gas in the biliary tree) confirms the diagnosis. Upper GI barium contrast images vvill dem\u00ad onstrate no contrast in the colon. Tx: Laparotomy with stone extraction; closure of the fistula and cholecys\u00adtectomy.", "q_image": "", "a_image": ""}}, {"model": "mcq.flashcard", "pk": 29, "fields": {"subject": 12, "topic": 2, "question": "Ddx of biliary disease?", "answer": "img:", "q_image": "", "a_image": "mcqs/images/2019/06/$D/Screen_Shot_2019-05-31_at_11.28.23_PM.png"}}, {"model": "mcq.flashcard", "pk": 30, "fields": {"subject": 12, "topic": 2, "question": "Charcots triad and Reynold Pentad?", "answer": "Charcot's triad-RUQ pain, jaundice, and fever/chills-is classic, Reynold pentad: Charcot triad + shock and altered mental status.", "q_image": "", "a_image": ""}}, {"model": "mcq.flashcard", "pk": 31, "fields": {"subject": 12, "topic": 2, "question": "Risk factors for gall stones?", "answer": "4F's, OCP use, rapid weight loss, chronic hemolysis (pigment stones in sickle cell disease), small bowel resection (loss of enterohepatically circulated bile), and TPN.", "q_image": "", "a_image": ""}}, {"model": "mcq.flashcard", "pk": 32, "fields": {"subject": 12, "topic": 2, "question": "screening recommendation of colorectal CA", "answer": "image:", "q_image": "", "a_image": "mcqs/images/2019/06/$D/Screen_Shot_2019-05-31_at_11.10.19_PM.png"}}, {"model": "mcq.flashcard", "pk": 33, "fields": {"subject": 12, "topic": 2, "question": "SBO vs LBO?", "answer": "image:", "q_image": "", "a_image": "mcqs/images/2019/06/$D/Screen_Shot_2019-05-31_at_11.03.16_PM.png"}}, {"model": "mcq.fact", "pk": 1, "fields": {"subject": 12, "topic": 1, "answer": "Typical CBF = 50-60ml/min/100g of brain tissue, and is relatively constant over BP range of 50-150mg.", "image": ""}}, {"model": "mcq.fact", "pk": 2, "fields": {"subject": 12, "topic": 1, "answer": "Cessation of blood flow leads to loss of consciousness within 6-8 seconds. Decrease of CBF to 25ml/min/100g leads to impaired conciousness.", "image": ""}}, {"model": "mcq.fact", "pk": 3, "fields": {"subject": 12, "topic": 1, "answer": "Before numbness to be detected by CE at least half of neurons supplying a region should be lost!", "image": ""}}, {"model": "mcq.fact", "pk": 4, "fields": {"subject": 12, "topic": 1, "answer": "Sensory Dissociation- Sensory abnormality with sparing of touch.", "image": ""}}, {"model": "mcq.fact", "pk": 5, "fields": {"subject": 12, "topic": 1, "answer": "Sensory Neuropathy- Widespread asymmetrical Sensory loss.", "image": ""}}, {"model": "mcq.fact", "pk": 6, "fields": {"subject": 12, "topic": 1, "answer": "The characteristic feature of dorsal column involvement is band like sensation around trunk, a feeling of tight pressure over limbs.", "image": ""}}, {"model": "mcq.fact", "pk": 7, "fields": {"subject": 12, "topic": 1, "answer": "Pupils in Comatose patients.", "image": "mcqs/images/2019/05/$D/Screen_Shot_2019-05-27_at_1.12.11_AM.png"}}, {"model": "mcq.fact", "pk": 8, "fields": {"subject": 12, "topic": 1, "answer": "Disorders of Muscle Tone.", "image": "mcqs/images/2019/05/$D/Screen_Shot_2019-05-27_at_1.04.22_AM.png"}}, {"model": "mcq.fact", "pk": 9, "fields": {"subject": 12, "topic": 1, "answer": "Metabolic Vs Structural Coma.", "image": "mcqs/images/2019/05/$D/Screen_Shot_2019-05-27_at_1.08.42_AM.png"}}, {"model": "mcq.fact", "pk": 10, "fields": {"subject": 12, "topic": 1, "answer": "Involuntary Movements", "image": "mcqs/images/2019/05/$D/Screen_Shot_2019-05-27_at_12.58.49_AM.png"}}, {"model": "mcq.fact", "pk": 11, "fields": {"subject": 12, "topic": 1, "answer": "cerebellum lobes and functions", "image": "mcqs/images/2019/05/$D/cerebellum-physiology-23-638.jpg"}}, {"model": "mcq.fact", "pk": 12, "fields": {"subject": 12, "topic": 1, "answer": "Infectious esophagitis", "image": "mcqs/images/2019/05/$D/Screen_Shot_2019-05-27_at_5.59.55_PM.png"}}, {"model": "mcq.fact", "pk": 13, "fields": {"subject": 12, "topic": 1, "answer": "Diffuse Esophageal Spasm(nutcracker esophagus) with cork-screw shaped esophagus on X-ray. Presentation similar to Angina.", "image": "mcqs/images/2019/05/$D/Screen_Shot_2019-05-27_at_6.00.40_PM.png"}}, {"model": "mcq.fact", "pk": 14, "fields": {"subject": 12, "topic": 2, "answer": "Achalasia can also be caused by destruction of myenteric plexus by T.cruzi(chagas disease).", "image": ""}}, {"model": "mcq.fact", "pk": 15, "fields": {"subject": 12, "topic": 2, "answer": "Esophageal cancers metastasize early because esophagus lacks serosa.", "image": ""}}, {"model": "mcq.fact", "pk": 16, "fields": {"subject": 12, "topic": 2, "answer": "Patients with GERD should avoid caffeine, alcohol, chocolate, garlic, onions, mints, and nicotine.", "image": ""}}, {"model": "mcq.fact", "pk": 17, "fields": {"subject": 12, "topic": 2, "answer": "Sliding type of hiatal hernia is Most common(95%), GE junction is above the diaphragm in this case.", "image": ""}}, {"model": "mcq.fact", "pk": 18, "fields": {"subject": 12, "topic": 2, "answer": "Curling ulcer- Burn injury, Cushing ulcer- Traumatic brain injury.", "image": ""}}, {"model": "mcq.fact", "pk": 19, "fields": {"subject": 12, "topic": 2, "answer": "H pylori antibodies stay (+) even when the infection is cleared. Use the urease breath test or a repeat stool antigen as a test of cure.", "image": ""}}, {"model": "mcq.fact", "pk": 20, "fields": {"subject": 12, "topic": 2, "answer": "IA gastric adenocarcinoma that metastasizes to the ovary is called a Krukenberg tumor", "image": ""}}, {"model": "mcq.fact", "pk": 21, "fields": {"subject": 12, "topic": 2, "answer": "Only Malignancy that can be cured by antibiotics in MALT lymphoma and it presents in patients with chronic H.pylori infection.", "image": ""}}, {"model": "mcq.fact", "pk": 22, "fields": {"subject": 12, "topic": 2, "answer": "Diffuse Type of Gastric cancer is associated with Signet Ring cells in Biopsy.", "image": ""}}, {"model": "mcq.fact", "pk": 23, "fields": {"subject": 12, "topic": 2, "answer": "Stress is not a risk factor for PUD.", "image": ""}}, {"model": "mcq.fact", "pk": 24, "fields": {"subject": 12, "topic": 2, "answer": "After a meal, pain from a Gastric ulcer is Greater, whereas Duodenal pain Decreases.", "image": ""}}, {"model": "mcq.fact", "pk": 25, "fields": {"subject": 12, "topic": 2, "answer": "Peptic ulcer is 4 times common in proximal duodenum(anterior wall)", "image": ""}}, {"model": "mcq.fact", "pk": 26, "fields": {"subject": 12, "topic": 1, "answer": "In DM due to mai", "image": ""}}, {"model": "mcq.fact", "pk": 27, "fields": {"subject": 12, "topic": 1, "answer": "Incomplete occulomotor palsy, diminished pupillar reflex, in DM due to microangiopathy.", "image": ""}}, {"model": "mcq.fact", "pk": 28, "fields": {"subject": 12, "topic": 1, "answer": "The headache that precedes or accompanies SAH is often described as a \u201cthunderclap\u201d headache, meaning that it reaches its maximum intensity in seconds. This description is unusual in migraine (where the headache usually reaches maximum inten\ufffesity in 5-30 minutes) and mandates CT scanning or lumbar puncture", "image": ""}}, {"model": "mcq.fact", "pk": 29, "fields": {"subject": 12, "topic": 1, "answer": "When syncope occurs in an older patient as a result of head turning, wearing a tight shirt collar, or shaving over the neck area, carotid sinus hypersensitivity should be considered. It usually occurs in men above the age of 50", "image": ""}}, {"model": "mcq.fact", "pk": 30, "fields": {"subject": 12, "topic": 1, "answer": "bilateral cortical disease is necessary to affect higher intellectual function.", "image": ""}}, {"model": "mcq.fact", "pk": 31, "fields": {"subject": 12, "topic": 1, "answer": "All patients with suspected multiple sclerosis should have an MR of the brain. MR is sensitive in defining demyeli\ufffenating lesions in the brain and spinal cord.", "image": ""}}, {"model": "mcq.fact", "pk": 32, "fields": {"subject": 12, "topic": 1, "answer": "Lower motor neuron signs include focal weakness, focal wasting, and fasciculations. Upper motor neuron signs include an extensor plantar response and an increased tendon reflex in a weakened muscle.", "image": ""}}, {"model": "mcq.fact", "pk": 33, "fields": {"subject": 12, "topic": 2, "answer": "In Small bowel obstruction there is usually alkalosis. Raised leucocytes indicate  necrosis of bowel. Lactic acidosis is a prognostic sign,  as it suggests necrosis of bowel.", "image": ""}}, {"model": "mcq.fact", "pk": 34, "fields": {"subject": 12, "topic": 2, "answer": "Exploratory laparotomy is indicated in cases of complete SBO, ischemic necrosis, or partial SBO symptoms lasting > 3 clays without resolution.", "image": ""}}, {"model": "mcq.fact", "pk": 35, "fields": {"subject": 12, "topic": 2, "answer": "the two most common causes of mesenteric ischemia:", "image": "mcqs/images/2019/05/$D/Screen_Shot_2019-05-31_at_10.51.22_PM.png"}}, {"model": "mcq.fact", "pk": 36, "fields": {"subject": 12, "topic": 2, "answer": "Diverticulosis is the most common cause of acute lower Gl bleeding in patients > 40 years of age.", "image": ""}}, {"model": "mcq.fact", "pk": 37, "fields": {"subject": 12, "topic": 2, "answer": "The hallmark sign in pancreatic cancer is non tender, palpable gall bladder.", "image": ""}}, {"model": "mcq.fact", "pk": 38, "fields": {"subject": 12, "topic": 1, "answer": "Most (75%) are adenocarcinomas in the head of the pancreas. Risk factors include smoking, chronic pancreatitis, and a first-degree relative with pancre\u00ad atic cancer. Incidence 1' after age 45; slightly more common in males.", "image": ""}}, {"model": "mcq.fact", "pk": 39, "fields": {"subject": 12, "topic": 2, "answer": "l0 hemochromatosis: An autosomal recessive disease characterized by mutations in the HFE gene that result in excessive absorption of dietary Iron. 2\u00b0 hemochromatosis: Occurs in patients receiving chronic transfusion therapy (eg, a-thalassemia).", "image": ""}}, {"model": "mcq.fact", "pk": 40, "fields": {"subject": 12, "topic": 2, "answer": "A transferrin saturation (serum iron divided by TIBC) > 45% is highly sug\u00ad gestive of iron overload.", "image": ""}}, {"model": "mcq.fact", "pk": 41, "fields": {"subject": 12, "topic": 2, "answer": "Spontaneous bacterial peritonitis can be diagnosed by PMNLs >250/ml in ascitic fluid.", "image": ""}}, {"model": "mcq.fact", "pk": 42, "fields": {"subject": 12, "topic": 2, "answer": "The sequelae of chronic hepatitis include cirrhosis, liver failure, and hepatocellular carcinoma.", "image": ""}}, {"model": "mcq.fact", "pk": 43, "fields": {"subject": 12, "topic": 1, "answer": "Hepatitis serological markers:", "image": "mcqs/images/2019/06/$D/Screen_Shot_2019-06-01_at_12.43.56_AM.png"}}, {"model": "mcq.fact", "pk": 44, "fields": {"subject": 12, "topic": 2, "answer": "Chronic hepatitis: ALT and AST are persistently elevated for > 3-6 months.", "image": ""}}, {"model": "mcq.fact", "pk": 45, "fields": {"subject": 12, "topic": 2, "answer": "An AST/ALT ratio > 2 suggests alcohol hepatitis: you're toASTed.", "image": ""}}, {"model": "mcq.fact", "pk": 46, "fields": {"subject": 12, "topic": 1, "answer": "HCV is Chronic; 60-70% of patients with HCV infection will develop chronic hepatitis.", "image": ""}}, {"model": "mcq.fact", "pk": 47, "fields": {"subject": 12, "topic": 2, "answer": "Patients vvith acute suppurative cholangitis require emergent bile duct decompression via ERCP/sphincterotomy, percutaneous transhepatic drainage, or open decompression.", "image": ""}}, {"model": "mcq.fact", "pk": 48, "fields": {"subject": 12, "topic": 2, "answer": "In patients with ulcerative colitis,  colonoscopies are recommended for such patients every 1 -2 years beginning 8- 1 0 years after diagnosis. If dysplasia is present on random biopsy, total colectomy is recommended.", "image": ""}}, {"model": "mcq.fact", "pk": 49, "fields": {"subject": 12, "topic": 2, "answer": "Ulcerative colitis vs Crohns disease?", "image": "mcqs/images/2019/06/$D/Screen_Shot_2019-05-31_at_11.22.58_PM.png"}}, {"model": "mcq.fact", "pk": 50, "fields": {"subject": 12, "topic": 2, "answer": "Acalculous cholecystitis occurs in the absence of cholelithiasis in patients who are chronically debilitated or critically ill.", "image": ""}}, {"model": "mcq.fact", "pk": 51, "fields": {"subject": 12, "topic": 2, "answer": "Crohns disease, imaging", "image": "mcqs/images/2019/06/$D/Screen_Shot_2019-05-31_at_11.14.57_PM.png"}}, {"model": "mcq.fact", "pk": 52, "fields": {"subject": 12, "topic": 2, "answer": "Ulcerative colitis , imaging", "image": "mcqs/images/2019/06/$D/Screen_Shot_2019-05-31_at_11.15.04_PM.png"}}, {"model": "mcq.fact", "pk": 53, "fields": {"subject": 12, "topic": 2, "answer": "IHesselbach's triangle is an area bounded by the inguinal ligament, the inferior epigastric artery, and the rectus abdominis.", "image": ""}}, {"model": "mcq.fact", "pk": 54, "fields": {"subject": 12, "topic": 2, "answer": "One unit of packed RBCs should i hemoglobin by 1 g/dL and hematocrit by 3-4 units.", "image": ""}}, {"model": "mcq.fact", "pk": 55, "fields": {"subject": 12, "topic": 2, "answer": "UGI vs LGI bleeding", "image": "mcqs/images/2019/06/$D/Screen_Shot_2019-05-31_at_11.12.01_PM.png"}}, {"model": "mcq.fact", "pk": 56, "fields": {"subject": 12, "topic": 2, "answer": "colon carcinoma, x-ray, apple-core filling defect.", "image": "mcqs/images/2019/06/$D/Screen_Shot_2019-05-31_at_11.10.59_PM.png"}}, {"model": "mcq.fact", "pk": 57, "fields": {"subject": 12, "topic": 2, "answer": "there is a well\u00ad established association between S bovis and colon cancer.", "image": ""}}, {"model": "mcq.fact", "pk": 58, "fields": {"subject": 12, "topic": 2, "answer": "Risk factors for colorectal carcinoma?", "image": "mcqs/images/2019/06/$D/Screen_Shot_2019-05-31_at_11.08.58_PM.png"}}, {"model": "mcq.fact", "pk": 59, "fields": {"subject": 12, "topic": 2, "answer": "Iron deficiency anemia in an elderly patient is colorectal cancer until proven otherwise.", "image": ""}}, {"model": "mcq.fact", "pk": 60, "fields": {"subject": 12, "topic": 2, "answer": "diverticulosis is out pouching of mucosa or submucosa into muscularis layer, if that out pouching is infected or inflamed, condition is called diverticulitis.", "image": ""}}, {"model": "mcq.fact", "pk": 61, "fields": {"subject": 12, "topic": 2, "answer": "Colonoscopy is definitive diagnosis in diverticular diseases, Avoid sigmoidoscopy/colonoscopy in patients with early diverticulitis in view of the risk of perforation .", "image": ""}}, {"model": "mcq.fact", "pk": 62, "fields": {"subject": 12, "topic": 1, "answer": "If there is h/o vomiting in migraine, it is better to give parentral or nasal triptans instead of oral triptans.", "image": ""}}, {"model": "mcq.fact", "pk": 63, "fields": {"subject": 12, "topic": 1, "answer": "Patients who use medications for headache more than twice weekly are at risk of medication overuse headache.", "image": ""}}, {"model": "mcq.fact", "pk": 64, "fields": {"subject": 12, "topic": 1, "answer": "In many metabolic neuropathies, the longest nerve fibers are affected first, lead\ufffeing to the stocking-glove pattern of sensory loss. Autonomic changes can accompany the sensory loss.", "image": ""}}, {"model": "mcq.fact", "pk": 65, "fields": {"subject": 12, "topic": 1, "answer": "EMG with nerve conduction velocity testing will categorize neuropathy into axonal and demyelinating varieties and will often provide important diagnostic information.", "image": ""}}, {"model": "mcq.fact", "pk": 66, "fields": {"subject": 12, "topic": 1, "answer": "In vitamin B12 deficiency, posterior column function (eg, vibratory sen\ufffesation) would be affected out of proportion to small pain and temperature fibers.", "image": ""}}, {"model": "mcq.fact", "pk": 67, "fields": {"subject": 12, "topic": 1, "answer": "the relaxation phase of muscle stretch reflexes is delayed in hypothyroidism, thyroid deficiency does not cause a sensory neuropathy.", "image": ""}}, {"model": "mcq.fact", "pk": 68, "fields": {"subject": 12, "topic": 1, "answer": "Mul\ufffetiple sclerosis (which can cause oligoclonal bands) is an upper motor neuron disease that would not cause distal weakness or hyporeflexia.", "image": ""}}, {"model": "mcq.fact", "pk": 69, "fields": {"subject": 12, "topic": 1, "answer": "Myasthenia gravis does not affect sensation or reflexes.", "image": ""}}, {"model": "mcq.fact", "pk": 70, "fields": {"subject": 12, "topic": 1, "answer": "Mononeuritis mul\ufffetiplex causes asymmetric signs, usually with sensory loss, and does not affect swallowing.", "image": ""}}, {"model": "contenttypes.contenttype", "pk": 1, "fields": {"app_label": "home", "model": "batches"}}, {"model": "contenttypes.contenttype", "pk": 2, "fields": {"app_label": "home", "model": "carousel"}}, {"model": "contenttypes.contenttype", "pk": 3, "fields": {"app_label": "home", "model": "schedule"}}, {"model": "contenttypes.contenttype", "pk": 4, "fields": {"app_label": "home", "model": "results"}}, {"model": "contenttypes.contenttype", "pk": 5, "fields": {"app_label": "home", "model": "nonacademic"}}, {"model": "contenttypes.contenttype", "pk": 6, "fields": {"app_label": "home", "model": "campusnews"}}, {"model": "contenttypes.contenttype", "pk": 7, "fields": {"app_label": "home", "model": "attendance"}}, {"model": "contenttypes.contenttype", "pk": 8, "fields": {"app_label": "body", "model": "detail"}}, {"model": "contenttypes.contenttype", "pk": 9, "fields": {"app_label": "body", "model": "student"}}, {"model": "contenttypes.contenttype", "pk": 10, "fields": {"app_label": "notes", "model": "ebook"}}, {"model": "contenttypes.contenttype", "pk": 11, "fields": {"app_label": "notes", "model": "lecture"}}, {"model": "contenttypes.contenttype", "pk": 12, "fields": {"app_label": "notes", "model": "paper"}}, {"model": "contenttypes.contenttype", "pk": 13, "fields": {"app_label": "notes", "model": "subject"}}, {"model": "contenttypes.contenttype", "pk": 14, "fields": {"app_label": "clubs", "model": "categories"}}, {"model": "contenttypes.contenttype", "pk": 15, "fields": {"app_label": "clubs", "model": "clubs"}}, {"model": "contenttypes.contenttype", "pk": 16, "fields": {"app_label": "clubs", "model": "events"}}, {"model": "contenttypes.contenttype", "pk": 17, "fields": {"app_label": "accounts", "model": "user"}}, {"model": "contenttypes.contenttype", "pk": 18, "fields": {"app_label": "accounts", "model": "timetable"}}, {"model": "contenttypes.contenttype", "pk": 19, "fields": {"app_label": "accounts", "model": "remainders"}}, {"model": "contenttypes.contenttype", "pk": 20, "fields": {"app_label": "accounts", "model": "profile"}}, {"model": "contenttypes.contenttype", "pk": 21, "fields": {"app_label": "accounts", "model": "activites"}}, {"model": "contenttypes.contenttype", "pk": 22, "fields": {"app_label": "welcome", "model": "slider"}}, {"model": "contenttypes.contenttype", "pk": 23, "fields": {"app_label": "mcq", "model": "fact"}}, {"model": "contenttypes.contenttype", "pk": 24, "fields": {"app_label": "mcq", "model": "flashcard"}}, {"model": "contenttypes.contenttype", "pk": 25, "fields": {"app_label": "mcq", "model": "mcq"}}, {"model": "contenttypes.contenttype", "pk": 26, "fields": {"app_label": "mcq", "model": "topic"}}, {"model": "contenttypes.contenttype", "pk": 27, "fields": {"app_label": "TravelGuide", "model": "images"}}, {"model": "contenttypes.contenttype", "pk": 28, "fields": {"app_label": "TravelGuide", "model": "travel"}}, {"model": "contenttypes.contenttype", "pk": 29, "fields": {"app_label": "admin", "model": "logentry"}}, {"model": "contenttypes.contenttype", "pk": 30, "fields": {"app_label": "auth", "model": "permission"}}, {"model": "contenttypes.contenttype", "pk": 31, "fields": {"app_label": "auth", "model": "group"}}, {"model": "contenttypes.contenttype", "pk": 32, "fields": {"app_label": "contenttypes", "model": "contenttype"}}, {"model": "contenttypes.contenttype", "pk": 33, "fields": {"app_label": "sessions", "model": "session"}}, {"model": "sessions.session", "pk": "133m59wjzltbs6ymhlvq85ny50yo0d0f", "fields": {"session_data": "OTA1YTFlM2E4NDlmNDQzYzk0NjA5M2FhNGQxMzZkMjA0ZWQwY2M1Yzp7Il9hdXRoX3VzZXJfaWQiOiI4IiwiX2F1dGhfdXNlcl9iYWNrZW5kIjoiZGphbmdvLmNvbnRyaWIuYXV0aC5iYWNrZW5kcy5Nb2RlbEJhY2tlbmQiLCJfYXV0aF91c2VyX2hhc2giOiIyMjhkODYyYzNkNjQ0YzEzZjgyYzU0MmJmNzY1Y2I1NzRhNjUxYzIyIiwibnVtX3Zpc2l0cyI6NX0=", "expire_date": "2019-06-12T09:31:35.808Z"}}, {"model": "sessions.session", "pk": "1i1y5jqiz2wrjggmmehnaywj5owdbbdv", "fields": {"session_data": "MDFiM2E4NmU5MDNkNTNiY2Q2MjNhMDM3YzcxYmExNTcyMWU5ZmRjMTp7Il9hdXRoX3VzZXJfaWQiOiIyIiwiX2F1dGhfdXNlcl9iYWNrZW5kIjoiZGphbmdvLmNvbnRyaWIuYXV0aC5iYWNrZW5kcy5Nb2RlbEJhY2tlbmQiLCJfYXV0aF91c2VyX2hhc2giOiIyMjFjNjRlMTMzMGY4NmU2ZTdhOGZlNmMzMTJmZTg4NjM2MGE1ODNjIiwibnVtX3Zpc2l0cyI6NH0=", "expire_date": "2019-06-13T18:18:48.612Z"}}, {"model": "sessions.session", "pk": "23htqvjryscssqnhugp1na68ael362ea", "fields": {"session_data": "ZWQ5ODViOTA3YzJjMzgyZDJkYmU4YjBjMzJlYmQ5ZmU3ZTJjNTg1ZTp7Il9hdXRoX3VzZXJfaWQiOiI0IiwiX2F1dGhfdXNlcl9iYWNrZW5kIjoiZGphbmdvLmNvbnRyaWIuYXV0aC5iYWNrZW5kcy5Nb2RlbEJhY2tlbmQiLCJfYXV0aF91c2VyX2hhc2giOiJkMWM0OTdiMGZjNTA1YjZhYmJkMjNiNzQ2N2NlMjNhMmI0Nzg2ZWZkIn0=", "expire_date": "2019-06-12T06:02:16.010Z"}}, {"model": "sessions.session", "pk": "8wcq8aykt6lgki5mawg2lnwf3j81vb34", "fields": {"session_data": "OWViZmU5ODMwMmQ2Nzk5NDg1NTVkYTE2NmYxNWI1N2ZmYzc0OGM2Mjp7Il9hdXRoX3VzZXJfaWQiOiIxIiwiX2F1dGhfdXNlcl9iYWNrZW5kIjoiZGphbmdvLmNvbnRyaWIuYXV0aC5iYWNrZW5kcy5Nb2RlbEJhY2tlbmQiLCJfYXV0aF91c2VyX2hhc2giOiJkM2FkN2M4ODdiMWRiMTk2YWEzYWMzZDIyYTBkN2YzMDE0ZjM4YzE0In0=", "expire_date": "2019-06-10T08:07:21.479Z"}}, {"model": "sessions.session", "pk": "adtigul49810sa0i77ghx9ecc017b7xv", "fields": {"session_data": "ZWQ3ZjQ3MDI0MTMyMjE4NjIxMGNjZGI0YmZjMGRlN2RmMDY3MzhiMjp7Il9hdXRoX3VzZXJfaWQiOiI3IiwiX2F1dGhfdXNlcl9iYWNrZW5kIjoiZGphbmdvLmNvbnRyaWIuYXV0aC5iYWNrZW5kcy5Nb2RlbEJhY2tlbmQiLCJfYXV0aF91c2VyX2hhc2giOiIxNjM3NThhYjVmNzczOWEzY2VmZmNhODZkNWY0N2Q5ZDcyZjY2MjY2IiwibnVtX3Zpc2l0cyI6MX0=", "expire_date": "2019-06-12T06:23:29.162Z"}}, {"model": "sessions.session", "pk": "arf8pm6keerue5g07y8hk6wczef0o3zq", "fields": {"session_data": "YTg0MDJkODU0OWJkZDRiNDUzNThhZjRhOWI1MGVlOTMwZDAxMDEzMTp7Il9hdXRoX3VzZXJfaWQiOiI5IiwiX2F1dGhfdXNlcl9iYWNrZW5kIjoiZGphbmdvLmNvbnRyaWIuYXV0aC5iYWNrZW5kcy5Nb2RlbEJhY2tlbmQiLCJfYXV0aF91c2VyX2hhc2giOiJiYmU0MmE0NDA1MDg2N2ZkYTAyYTJkZmVkMWM3YmNhODFiNTM1N2I0In0=", "expire_date": "2019-06-12T12:13:46.398Z"}}, {"model": "sessions.session", "pk": "naz3uatli6kymq0zij2u6fh0mn6yu3e8", "fields": {"session_data": "ZjcyNjZhM2ZmNGQyNmExNTQ4MjRmYzM0ZTYzYWMwYjExOWZlYmYxODp7Il9wYXNzd29yZF9yZXNldF90b2tlbiI6IjU2cS0zZmMyYTg0Mjg0NmZlYTQ5YzhkMCJ9", "expire_date": "2019-06-12T06:11:44.320Z"}}, {"model": "sessions.session", "pk": "r05l2147wol2iomqbne7za8t4r1g2fa5", "fields": {"session_data": "YTE4OTc3MTdmMjJkYmYzNTQ5MjA0Y2VkN2FhNTNmYzQ0MDAyNzVhNTp7Il9hdXRoX3VzZXJfaWQiOiIxIiwiX2F1dGhfdXNlcl9iYWNrZW5kIjoiZGphbmdvLmNvbnRyaWIuYXV0aC5iYWNrZW5kcy5Nb2RlbEJhY2tlbmQiLCJfYXV0aF91c2VyX2hhc2giOiJkM2FkN2M4ODdiMWRiMTk2YWEzYWMzZDIyYTBkN2YzMDE0ZjM4YzE0IiwibnVtX3Zpc2l0cyI6MjN9", "expire_date": "2019-07-11T06:10:11.371Z"}}, {"model": "sessions.session", "pk": "tnnpprtcejwi70e5v2zy00eteyx2gvm2", "fields": {"session_data": "ZDJhNmY3OTJhZDM4MjAwMjEyYjg3OGNmOGM5OTVlMmEzNmFhMDE5Yzp7fQ==", "expire_date": "2019-06-12T06:12:05.371Z"}}, {"model": "sessions.session", "pk": "vwtv96vhmbbe0ah7em2tccfq2f94maqw", "fields": {"session_data": "NDQ1NzA5Y2M5OGE4NjdmMzJhZDA5M2Y3M2FjMmJlOTljM2Y4Yzc1Zjp7Il9hdXRoX3VzZXJfaWQiOiI1IiwiX2F1dGhfdXNlcl9iYWNrZW5kIjoiZGphbmdvLmNvbnRyaWIuYXV0aC5iYWNrZW5kcy5Nb2RlbEJhY2tlbmQiLCJfYXV0aF91c2VyX2hhc2giOiI2OGVkMjRiZjBiZTYwNGE3NmJmYWFjM2U3ZTIxNTIwZDQyOTQ4OWUwIn0=", "expire_date": "2019-06-12T06:06:46.316Z"}}, {"model": "sessions.session", "pk": "w6mae480js5rijtsce88alkjen2qjyfr", "fields": {"session_data": "NzQwMTk2OWRmM2I0OTU5NmEyODk0NTNhMzdhMTkyOTIxOTNiNWZkYzp7Il9hdXRoX3VzZXJfaWQiOiIzIiwiX2F1dGhfdXNlcl9iYWNrZW5kIjoiZGphbmdvLmNvbnRyaWIuYXV0aC5iYWNrZW5kcy5Nb2RlbEJhY2tlbmQiLCJfYXV0aF91c2VyX2hhc2giOiIzNmY5MTZjYmUxNDg3N2NjNWY3MmFlNTc5NDM1NTQ4MGRhNDJhYThlIn0=", "expire_date": "2019-06-12T05:59:13.492Z"}}, {"model": "sessions.session", "pk": "x4v1rf8mjzwawk9eoonw92ur89jqfh5h", "fields": {"session_data": "MTlhZTBlMmM1ZjY1ZTgzNTY2MTdmYmRjNzg3NmU0ZDYyZGE4OTExNTp7Il9hdXRoX3VzZXJfaWQiOiIxIiwiX2F1dGhfdXNlcl9iYWNrZW5kIjoiZGphbmdvLmNvbnRyaWIuYXV0aC5iYWNrZW5kcy5Nb2RlbEJhY2tlbmQiLCJfYXV0aF91c2VyX2hhc2giOiJkM2FkN2M4ODdiMWRiMTk2YWEzYWMzZDIyYTBkN2YzMDE0ZjM4YzE0IiwibnVtX3Zpc2l0cyI6MTZ9", "expire_date": "2019-07-03T19:09:54.882Z"}}, {"model": "sessions.session", "pk": "yderhk56p4d6bu8t92sfskgn6x02b0p5", "fields": {"session_data": "YWMyMWRkZmFkYjhhNDE4NGE4OWU1NDc1YzhjMTIwNjdlNzk3OWUyMzp7Il9hdXRoX3VzZXJfaWQiOiIxIiwiX2F1dGhfdXNlcl9iYWNrZW5kIjoiZGphbmdvLmNvbnRyaWIuYXV0aC5iYWNrZW5kcy5Nb2RlbEJhY2tlbmQiLCJfYXV0aF91c2VyX2hhc2giOiJkM2FkN2M4ODdiMWRiMTk2YWEzYWMzZDIyYTBkN2YzMDE0ZjM4YzE0IiwibnVtX3Zpc2l0cyI6MTF9", "expire_date": "2019-08-04T06:20:53.882Z"}}, {"model": "admin.logentry", "pk": 1, "fields": {"action_time": "2019-05-26T17:06:38.969Z", "user": 1, "content_type": 1, "object_id": "1", "object_repr": "MBBS BATCH 2015", "action_flag": 1, "change_message": "[{\"added\": {}}]"}}, {"model": "admin.logentry", "pk": 2, "fields": {"action_time": "2019-05-26T17:13:25.537Z", "user": 1, "content_type": 17, "object_id": "1", "object_repr": "suryaveda@hotmail.com", "action_flag": 2, "change_message": "[{\"changed\": {\"fields\": [\"username\", \"batch\"]}}]"}}, {"model": "admin.logentry", "pk": 3, "fields": {"action_time": "2019-05-26T17:13:51.908Z", "user": 1, "content_type": 17, "object_id": "2", "object_repr": "sk@gmail.com", "action_flag": 1, "change_message": "[{\"added\": {}}]"}}, {"model": "admin.logentry", "pk": 4, "fields": {"action_time": "2019-05-26T17:13:57.403Z", "user": 1, "content_type": 17, "object_id": "2", "object_repr": "sk@gmail.com", "action_flag": 2, "change_message": "[{\"changed\": {\"fields\": [\"student\"]}}]"}}, {"model": "admin.logentry", "pk": 5, "fields": {"action_time": "2019-05-26T17:14:21.023Z", "user": 1, "content_type": 20, "object_id": "1", "object_repr": "suryaveda", "action_flag": 1, "change_message": "[{\"added\": {}}]"}}, {"model": "admin.logentry", "pk": 6, "fields": {"action_time": "2019-05-26T17:14:41.430Z", "user": 1, "content_type": 20, "object_id": "2", "object_repr": "sk", "action_flag": 1, "change_message": "[{\"added\": {}}]"}}, {"model": "admin.logentry", "pk": 7, "fields": {"action_time": "2019-05-26T17:15:27.880Z", "user": 1, "content_type": 1, "object_id": "2", "object_repr": "MBBS BATCH 2016", "action_flag": 1, "change_message": "[{\"added\": {}}]"}}, {"model": "admin.logentry", "pk": 8, "fields": {"action_time": "2019-05-26T17:15:36.056Z", "user": 1, "content_type": 1, "object_id": "3", "object_repr": "MBBS BATCH 2017", "action_flag": 1, "change_message": "[{\"added\": {}}]"}}, {"model": "admin.logentry", "pk": 9, "fields": {"action_time": "2019-05-26T17:15:46.158Z", "user": 1, "content_type": 1, "object_id": "4", "object_repr": "MBBS BATCH 2018", "action_flag": 1, "change_message": "[{\"added\": {}}]"}}, {"model": "admin.logentry", "pk": 10, "fields": {"action_time": "2019-05-26T17:15:55.442Z", "user": 1, "content_type": 1, "object_id": "5", "object_repr": "MBBS BATCH 2014", "action_flag": 1, "change_message": "[{\"added\": {}}]"}}, {"model": "admin.logentry", "pk": 11, "fields": {"action_time": "2019-05-26T17:16:07.842Z", "user": 1, "content_type": 1, "object_id": "6", "object_repr": "MBBS BATCH 2013", "action_flag": 1, "change_message": "[{\"added\": {}}]"}}, {"model": "admin.logentry", "pk": 12, "fields": {"action_time": "2019-05-26T17:17:14.545Z", "user": 1, "content_type": 15, "object_id": "1", "object_repr": "Sports", "action_flag": 1, "change_message": "[{\"added\": {}}]"}}, {"model": "admin.logentry", "pk": 13, "fields": {"action_time": "2019-05-26T17:17:34.496Z", "user": 1, "content_type": 15, "object_id": "2", "object_repr": "Fine Arts", "action_flag": 1, "change_message": "[{\"added\": {}}]"}}, {"model": "admin.logentry", "pk": 14, "fields": {"action_time": "2019-05-26T17:17:50.435Z", "user": 1, "content_type": 15, "object_id": "3", "object_repr": "Literary", "action_flag": 1, "change_message": "[{\"added\": {}}]"}}, {"model": "admin.logentry", "pk": 15, "fields": {"action_time": "2019-05-26T17:18:21.114Z", "user": 1, "content_type": 14, "object_id": "1", "object_repr": "Cricket", "action_flag": 1, "change_message": "[{\"added\": {}}]"}}, {"model": "admin.logentry", "pk": 16, "fields": {"action_time": "2019-05-26T17:18:39.825Z", "user": 1, "content_type": 14, "object_id": "2", "object_repr": "Football", "action_flag": 1, "change_message": "[{\"added\": {}}]"}}, {"model": "admin.logentry", "pk": 17, "fields": {"action_time": "2019-05-26T17:18:56.428Z", "user": 1, "content_type": 14, "object_id": "3", "object_repr": "Tennis", "action_flag": 1, "change_message": "[{\"added\": {}}]"}}, {"model": "admin.logentry", "pk": 18, "fields": {"action_time": "2019-05-26T17:19:09.857Z", "user": 1, "content_type": 14, "object_id": "4", "object_repr": "Badminton", "action_flag": 1, "change_message": "[{\"added\": {}}]"}}, {"model": "admin.logentry", "pk": 19, "fields": {"action_time": "2019-05-26T17:19:27.037Z", "user": 1, "content_type": 14, "object_id": "5", "object_repr": "Indoor games", "action_flag": 1, "change_message": "[{\"added\": {}}]"}}, {"model": "admin.logentry", "pk": 20, "fields": {"action_time": "2019-05-26T17:19:41.034Z", "user": 1, "content_type": 14, "object_id": "6", "object_repr": "Basketball", "action_flag": 1, "change_message": "[{\"added\": {}}]"}}, {"model": "admin.logentry", "pk": 21, "fields": {"action_time": "2019-05-26T17:20:35.733Z", "user": 1, "content_type": 13, "object_id": "1", "object_repr": "Anatomy", "action_flag": 1, "change_message": "[{\"added\": {}}]"}}, {"model": "admin.logentry", "pk": 22, "fields": {"action_time": "2019-05-26T17:20:53.661Z", "user": 1, "content_type": 13, "object_id": "2", "object_repr": "Physiology", "action_flag": 1, "change_message": "[{\"added\": {}}]"}}, {"model": "admin.logentry", "pk": 23, "fields": {"action_time": "2019-05-26T17:21:05.422Z", "user": 1, "content_type": 13, "object_id": "3", "object_repr": "Biochemistry", "action_flag": 1, "change_message": "[{\"added\": {}}]"}}, {"model": "admin.logentry", "pk": 24, "fields": {"action_time": "2019-05-26T17:21:20.267Z", "user": 1, "content_type": 13, "object_id": "4", "object_repr": "Pathology", "action_flag": 1, "change_message": "[{\"added\": {}}]"}}, {"model": "admin.logentry", "pk": 25, "fields": {"action_time": "2019-05-26T17:21:35.425Z", "user": 1, "content_type": 13, "object_id": "5", "object_repr": "Pharmacology", "action_flag": 1, "change_message": "[{\"added\": {}}]"}}, {"model": "admin.logentry", "pk": 26, "fields": {"action_time": "2019-05-26T17:21:48.640Z", "user": 1, "content_type": 13, "object_id": "6", "object_repr": "Microbiology", "action_flag": 1, "change_message": "[{\"added\": {}}]"}}, {"model": "admin.logentry", "pk": 27, "fields": {"action_time": "2019-05-26T17:22:02.355Z", "user": 1, "content_type": 13, "object_id": "7", "object_repr": "Forensic Medicine", "action_flag": 1, "change_message": "[{\"added\": {}}]"}}, {"model": "admin.logentry", "pk": 28, "fields": {"action_time": "2019-05-26T17:22:18.494Z", "user": 1, "content_type": 13, "object_id": "8", "object_repr": "ENT", "action_flag": 1, "change_message": "[{\"added\": {}}]"}}, {"model": "admin.logentry", "pk": 29, "fields": {"action_time": "2019-05-26T17:22:30.912Z", "user": 1, "content_type": 13, "object_id": "9", "object_repr": "Ophthalmology", "action_flag": 1, "change_message": "[{\"added\": {}}]"}}, {"model": "admin.logentry", "pk": 30, "fields": {"action_time": "2019-05-26T17:22:41.059Z", "user": 1, "content_type": 13, "object_id": "10", "object_repr": "CFM", "action_flag": 1, "change_message": "[{\"added\": {}}]"}}, {"model": "admin.logentry", "pk": 31, "fields": {"action_time": "2019-05-26T17:22:59.431Z", "user": 1, "content_type": 13, "object_id": "11", "object_repr": "Orthopaedics", "action_flag": 1, "change_message": "[{\"added\": {}}]"}}, {"model": "admin.logentry", "pk": 32, "fields": {"action_time": "2019-05-26T17:23:22.326Z", "user": 1, "content_type": 13, "object_id": "12", "object_repr": "Medicine", "action_flag": 1, "change_message": "[{\"added\": {}}]"}}, {"model": "admin.logentry", "pk": 33, "fields": {"action_time": "2019-05-26T17:23:35.195Z", "user": 1, "content_type": 13, "object_id": "13", "object_repr": "Surgery", "action_flag": 1, "change_message": "[{\"added\": {}}]"}}, {"model": "admin.logentry", "pk": 34, "fields": {"action_time": "2019-05-26T17:23:49.570Z", "user": 1, "content_type": 13, "object_id": "14", "object_repr": "OBG", "action_flag": 1, "change_message": "[{\"added\": {}}]"}}, {"model": "admin.logentry", "pk": 35, "fields": {"action_time": "2019-05-26T17:24:01.911Z", "user": 1, "content_type": 13, "object_id": "15", "object_repr": "Pediatrics", "action_flag": 1, "change_message": "[{\"added\": {}}]"}}, {"model": "admin.logentry", "pk": 36, "fields": {"action_time": "2019-05-27T14:01:34.979Z", "user": 1, "content_type": 23, "object_id": "13", "object_repr": "Diffuse Esophageal Spasm(nutcracker esophagus) with cork-screw shaped esophagus on X-ray. Presentation similar to Angina.", "action_flag": 2, "change_message": "[{\"changed\": {\"fields\": [\"answer\", \"image\"]}}]"}}, {"model": "admin.logentry", "pk": 37, "fields": {"action_time": "2019-05-27T14:15:46.713Z", "user": 1, "content_type": 23, "object_id": "19", "object_repr": "H pylori antibodies stay (+) even when the infection is cleared. Use the urease breath test or a repeat stool antigen as a test of cure.", "action_flag": 2, "change_message": "[{\"changed\": {\"fields\": [\"answer\"]}}]"}}, {"model": "admin.logentry", "pk": 38, "fields": {"action_time": "2019-05-30T18:15:38.027Z", "user": 1, "content_type": 17, "object_id": "2", "object_repr": "sk@gmail.com", "action_flag": 2, "change_message": "[{\"changed\": {\"fields\": [\"batch\"]}}]"}}, {"model": "admin.logentry", "pk": 39, "fields": {"action_time": "2019-05-30T18:17:22.415Z", "user": 1, "content_type": 2, "object_id": "1", "object_repr": "Carousel object (1)", "action_flag": 1, "change_message": "[{\"added\": {}}]"}}, {"model": "admin.logentry", "pk": 40, "fields": {"action_time": "2019-05-30T18:17:38.307Z", "user": 1, "content_type": 2, "object_id": "2", "object_repr": "Carousel object (2)", "action_flag": 1, "change_message": "[{\"added\": {}}]"}}, {"model": "admin.logentry", "pk": 41, "fields": {"action_time": "2019-05-30T18:19:19.094Z", "user": 1, "content_type": 17, "object_id": "3", "object_repr": "sarvdharamshubham@gmail.com", "action_flag": 2, "change_message": "[{\"changed\": {\"fields\": [\"cr\"]}}]"}}, {"model": "admin.logentry", "pk": 42, "fields": {"action_time": "2019-05-30T20:24:16.412Z", "user": 1, "content_type": 17, "object_id": "9", "object_repr": "chetnaameriya19@gmail.com", "action_flag": 2, "change_message": "[{\"changed\": {\"fields\": [\"cr\"]}}]"}}, {"model": "admin.logentry", "pk": 43, "fields": {"action_time": "2019-05-30T20:24:23.429Z", "user": 1, "content_type": 17, "object_id": "5", "object_repr": "gallelajuniorprasad@gmail.com", "action_flag": 2, "change_message": "[{\"changed\": {\"fields\": [\"cr\"]}}]"}}, {"model": "admin.logentry", "pk": 44, "fields": {"action_time": "2019-05-30T20:24:28.256Z", "user": 1, "content_type": 17, "object_id": "8", "object_repr": "nitishkb1772@gmail.com", "action_flag": 2, "change_message": "[{\"changed\": {\"fields\": [\"cr\"]}}]"}}, {"model": "admin.logentry", "pk": 45, "fields": {"action_time": "2019-05-30T20:24:34.757Z", "user": 1, "content_type": 17, "object_id": "8", "object_repr": "nitishkb1772@gmail.com", "action_flag": 2, "change_message": "[]"}}, {"model": "admin.logentry", "pk": 46, "fields": {"action_time": "2019-05-30T20:24:41.752Z", "user": 1, "content_type": 17, "object_id": "6", "object_repr": "prajapatdev1996@gmail.com", "action_flag": 2, "change_message": "[{\"changed\": {\"fields\": [\"cr\"]}}]"}}, {"model": "admin.logentry", "pk": 47, "fields": {"action_time": "2019-05-30T20:24:47.628Z", "user": 1, "content_type": 17, "object_id": "3", "object_repr": "sarvdharamshubham@gmail.com", "action_flag": 2, "change_message": "[]"}}, {"model": "admin.logentry", "pk": 48, "fields": {"action_time": "2019-05-30T20:24:58.327Z", "user": 1, "content_type": 17, "object_id": "2", "object_repr": "sk@gmail.com", "action_flag": 2, "change_message": "[]"}}, {"model": "admin.logentry", "pk": 49, "fields": {"action_time": "2019-05-30T20:25:07.634Z", "user": 1, "content_type": 17, "object_id": "4", "object_repr": "vinodkumar240399@gmail.com", "action_flag": 2, "change_message": "[{\"changed\": {\"fields\": [\"cr\"]}}]"}}, {"model": "admin.logentry", "pk": 50, "fields": {"action_time": "2019-05-30T20:25:16.861Z", "user": 1, "content_type": 17, "object_id": "7", "object_repr": "vishesh.gupta65@gmail.com", "action_flag": 2, "change_message": "[{\"changed\": {\"fields\": [\"cr\"]}}]"}}, {"model": "admin.logentry", "pk": 51, "fields": {"action_time": "2019-05-30T20:25:30.607Z", "user": 1, "content_type": 17, "object_id": "3", "object_repr": "sarvdharamshubham@gmail.com", "action_flag": 2, "change_message": "[{\"changed\": {\"fields\": [\"staff\"]}}]"}}, {"model": "admin.logentry", "pk": 52, "fields": {"action_time": "2019-05-31T19:10:14.221Z", "user": 1, "content_type": 23, "object_id": "41", "object_repr": "Spontaneous bacterial peritonitis can be diagnosed by PMNLs >250/ml in ascitic fluid.", "action_flag": 2, "change_message": "[{\"changed\": {\"fields\": [\"answer\"]}}]"}}, {"model": "admin.logentry", "pk": 53, "fields": {"action_time": "2019-05-31T19:24:22.205Z", "user": 1, "content_type": 24, "object_id": "28", "object_repr": "Gall stone ileus?", "action_flag": 2, "change_message": "[{\"changed\": {\"fields\": [\"topic\"]}}]"}}, {"model": "admin.logentry", "pk": 54, "fields": {"action_time": "2019-05-31T19:24:32.204Z", "user": 1, "content_type": 24, "object_id": "2", "object_repr": "FAST?", "action_flag": 2, "change_message": "[{\"changed\": {\"fields\": [\"topic\"]}}]"}}, {"model": "admin.logentry", "pk": 55, "fields": {"action_time": "2019-05-31T19:24:44.186Z", "user": 1, "content_type": 24, "object_id": "8", "object_repr": "Achalasia", "action_flag": 2, "change_message": "[{\"changed\": {\"fields\": [\"topic\"]}}]"}}, {"model": "admin.logentry", "pk": 56, "fields": {"action_time": "2019-05-31T19:25:11.135Z", "user": 1, "content_type": 24, "object_id": "7", "object_repr": "Plummer-Vinson syndrome?", "action_flag": 2, "change_message": "[{\"changed\": {\"fields\": [\"topic\"]}}]"}}, {"model": "notes.subject", "pk": 1, "fields": {"user": null, "heading": "Anatomy", "image": "images/2019/05/$D/anatomy_vIavA7v.jpg"}}, {"model": "notes.subject", "pk": 2, "fields": {"user": null, "heading": "Physiology", "image": "images/2019/05/$D/physiology_O0h1xvj.jpg"}}, {"model": "notes.subject", "pk": 3, "fields": {"user": null, "heading": "Biochemistry", "image": "images/2019/05/$D/biochemistry_WajEyDY.jpg"}}, {"model": "notes.subject", "pk": 4, "fields": {"user": null, "heading": "Pathology", "image": "images/2019/05/$D/pathology_5H1V0TD.png"}}, {"model": "notes.subject", "pk": 5, "fields": {"user": null, "heading": "Pharmacology", "image": "images/2019/05/$D/pharmacology_s1fPD1k.jpg"}}, {"model": "notes.subject", "pk": 6, "fields": {"user": null, "heading": "Microbiology", "image": "images/2019/05/$D/microbiology_hL3IkXV.jpg"}}, {"model": "notes.subject", "pk": 7, "fields": {"user": null, "heading": "Forensic Medicine", "image": "images/2019/05/$D/forensic_8D8PKoJ.jpg"}}, {"model": "notes.subject", "pk": 8, "fields": {"user": null, "heading": "ENT", "image": "images/2019/05/$D/ent_6gIyx5A.png"}}, {"model": "notes.subject", "pk": 9, "fields": {"user": null, "heading": "Ophthalmology", "image": "images/2019/05/$D/opthalmology_NCoH1A2.jpg"}}, {"model": "notes.subject", "pk": 10, "fields": {"user": null, "heading": "CFM", "image": "images/2019/05/$D/cfm_h15fhGh.jpg"}}, {"model": "notes.subject", "pk": 11, "fields": {"user": null, "heading": "Orthopaedics", "image": "images/2019/05/$D/orthopaedics_1yjvtwr.jpg"}}, {"model": "notes.subject", "pk": 12, "fields": {"user": null, "heading": "Medicine", "image": "images/2019/05/$D/medicine_nDnu3j9.jpg"}}, {"model": "notes.subject", "pk": 13, "fields": {"user": null, "heading": "Surgery", "image": "images/2019/05/$D/surgery_FBRJxSD.jpg"}}, {"model": "notes.subject", "pk": 14, "fields": {"user": null, "heading": "OBG", "image": "images/2019/05/$D/obs_cP7vVpG.jpg"}}, {"model": "notes.subject", "pk": 15, "fields": {"user": null, "heading": "Pediatrics", "image": "images/2019/05/$D/pediatrics_u4t3j05.jpg"}}]